species,petal_width
setosa,0.24600000000000002
versicolor,1.3259999999999998
virginica,2.026
